path,id
components\atoms\Button\index.ts,Qe9nE8KXOkJgqSsAgARjdIs3f3RxLHpoJR9KgZityZo
components\atoms\Button\styles.ts,xqcBlQgJo170jvkO55wuUZWAg4A38viz1ja38kvYDLc
components\atoms\Button\Button.tsx,B7NKmJttzLruJdGEUEEoPVSQFK9_s-fx4bCs08h9G2s
animations.ts,wmUvQ0OBKTCpJWCZuEf_lCS4AW6Mo_UPIlh9X8Xf6aE
components\atoms\Button\types.ts,0vo0rfkABbbxdNn7fpTt7muTmcbx9dsK1vyzb2BkxHQ
components\atoms\FormField\FormField.tsx,vgb5zqVKYQ0S2MFGHaXVAEnUY2ebrocnN6Xg9FG9x9A
components\atoms\FormField\index.ts,8pTuKQWfZr9QFinEG3KEWgRxGBHSm6coigsukRQFfI0
components\atoms\FormField\types.ts,BfpQXqwS77VlqUFhE_6i0ZtjBV-LcpB3U-JmBEsoI4w
components\atoms\FormField\styles.ts,SiqBoevjW7R3SFgjZOpeWhzCbiAw6U3ZWbsuCl5XKfA
components\atoms\IconButton\IconButton.tsx,Eq9XXecvplRJtFveI9PtKMIzpKx9_M0F5SQvmx0dP7Q
components\atoms\IconButton\index.ts,BKVMokq5i_jOH0Cj1VwH8OtBwEJced7Rb43TOf4dtWY
components\atoms\IconButton\styles.ts,0xbMFirc6o8eiR3lZaPxLE-CcoxGxOJdlK82xzIdTQA
components\atoms\IconButton\types.ts,QJuFbe7bUNW8yHnSsbmK5O1WxXwVKM2ZdUTCREY3hHs
components\atoms\Loader\index.ts,oZnz2VjDJpI5KbuPoa5EmRsSNyjcUSSxUVyojmzoXCo
components\atoms\Loader\Loader.tsx,UabtFMyRITDPRTRsaRFxw2jpkowD4GXVWHyRWevEk6w
components\atoms\Loader\styles.ts,1ZXu7SWQMx_rbgmX1MciUBpR28niWuY4CdR2IFTF6Wk
components\atoms\Loader\types.ts,-RHA2XSx8mW54LEbm5J7nmc6ZxF0x9uudWf3l_m4UM0
components\atoms\Notification\index.ts,8lk9rrp07-v5oe9SaXEf7QTqYND41p7NEvjGHzQ6wyI
components\atoms\Notification\styles.ts,5jQxG9o-us8xaJIyghjCUSE8v6nsw-PvTSdmnN7w-jU
components\atoms\Notification\Notification.tsx,Osk53r1TiDahygNRl18iGcq5IcIq_svpQMKBw1n9GMw
components\atoms\Notification\types.ts,vQ7U3FWZybTHSTr-ZYC-vELJjWE87LOxg3Px1Mg5_4w
components\atoms\Portal\Portal.tsx,wDUI6cOp-F7kStaTagPW0zdV_nmWr1MpzS-8NR2xnrA
components\atoms\Portal\types.ts,pY5X__GahSieIyP6MzXwII9QLICfxnL_Azmk7tVLJx4
components\atoms\Portal\index.ts,XUj06KEQLn26g0jwaaCcQbABN-RRNNerlLmpfxzYnfE
components\molecules\Modal\index.ts,_C5n7O23Fp9-2jMjV-j634XmBGlOzgbLLFOLzgJc4GA
components\molecules\Modal\Modal.tsx,tVAB-795ladCCCLTERZzkwKPMJBGJFoelI6rYM7s-zM
components\molecules\Modal\styles.ts,lT7U4yZV6Fc1mXkR4LGZmtGqbqallVwI5FzQ3yknjNk
components\molecules\Paginator\index.ts,YEpa31Oftej2LJkuLVBZJ3IIyhHXHCVq22Vi2e_yvNg
components\molecules\Modal\types.ts,O6MyDuN1ppRVY4upYJhjlphdCWCV2HYZrDML-EqNky4
components\molecules\Paginator\Paginator.tsx,ACgLjgqs-TB20_Xf_6ADEDB9Bnp04wzEM4RJ3kE7KyM
components\molecules\Paginator\styles.ts,gzK79eJA0aXw1alc2yWasm2bl_Och5CrXKGQTxMyU1w
components\molecules\Paginator\types.ts,aiqdKO361g9eWEy3oI7MLk53pIOq6w6wuIvUQ1gRA4c
components\organisms\CloseHandler\CloseHandler.tsx,609Lq_xKwVlMo-L2wn3LzTLILtEKbYxvxvmLTKb-YI8
components\organisms\CloseHandler\index.ts,-BpIh4mlk-lozZ7c7hZjvQmb4eX7gO67q9hi0a7cUmo
components\organisms\CloseHandler\styles.ts,PhA3N0sWMATdFnZXoWUlLC_v-w6faPmhOTDiYZHdpRw
components\organisms\CloseHandler\types.ts,fqKIVxcAczBa6OH75oyaEnTBbi3_nj5bMqCtBtoA9hk
components\organisms\Table\index.ts,jeZbWjVK5_dJsXremZN12izUgc-36UFGenpKCxDTyNI
components\organisms\Table\styles.ts,og4UcKtxJEXrPH-I-OXO3dHCFoXlrVhamTt26E2QlU0
components\organisms\Table\Table.tsx,TZz1NqF8zqfnTqqMJiedvHx6SB-OHcaAX3bNUB1nJfQ
components\organisms\Table\types.ts,1nH3sX630M8zHPUS6czLkoT9WpJkKN-RufCnrEgIc7w
components\organisms\URLTabs\index.ts,TZdvDheBx3zkqlKFFQybtSGDL7wPbm-4bGClEDkbw3w
components\organisms\URLTabs\types.ts,SIHRSBFV6se-EJCj1VxiqJd6Nc9QMyYodTKSnFHePy8
components\organisms\URLTabs\styles.ts,-pagGSLUudSyXJzte_mGESNXwoi3tGtqQUzgVDnF7AI
components\organisms\URLTabs\URLTabs.tsx,VOX2iJSgbmOEGtXO1solEwjAjDzuK4WBu-i8mHbakvw
config.ts,755-FI-1eNA5DpnHTBtpY-qkwfWBC5vPUH_2QYzqAoY
language.ts,L0gPGVr6x8LamXkOreA4pkl_nojIBmLh9OLG5tDt3zA
lib.ts,wlUPJJbm1PH-43zE312eUILnDFPS3egwe3puUcd0p8M
endpoints.ts,FKMc5TpSU2c8e7lef11M7q8E2sQp-f_abUjJ6iyqOyA
models.ts,0-ZkZiUIg5AaNYWFKvg5zGiDjuZXIWPy-hONzAdVFB4
mock-data.ts,FecVqEfjpudw7JqJ-qrZT3RatQhdkuyFDTQMYhm1GeY
navigation\footer\index.ts,Es3tHOtlXQBh8559c_r-dBwvqNtQz8IUI3sGjgXjyPM
navigation\footer\Footer.tsx,sI7hnbpbFH_qv_gqSDFxmB6muLl_fu0w-Ve87IpQ5m0
navigation\footer\styles.ts,p35W0RfI3jylj-SRR5qGWE6u9G6c6AZ-zlYyapZNl90
navigation\header\DynamicNavigation.tsx,u2ocZb915yEmbMAk37chL41NQ3dtqWYRO-5g8AMV3ac
navigation\header\styles.ts,V2D-fiHksRL7R8gqPnkaj-n2vnyK-F6wIreWOCLcxcQ
navigation\header\index.ts,DYbAO19uIes-9ZgA2Hx5ZzIBknkt0JevE3cD7cttTm0
navigation\header\Header.tsx,his7tuSvDJSGDMkwFw4aEWMnPCItJOyW6MGC6bwzp5A
paths.ts,Diag2MxVniyF_wMRtrBzcZbJKOFj5YaakRsHwy27y-s
providers\ARProvider.tsx,Nn9tMd4GRQOGcZSQgVn4gH792A9RtLdoAePxQdhW0kQ
styled.d.ts,dza4VquCquEqzeiBEShNPW05KD64P1u1xH9lDMYtgJM
themes.ts,TUHlIqvRZpkrLLkH7iHL7zjJOHvFLMRgdbSNa7Z-2So
styling-config.ts,ELyadVLvidRoehj-dHffo80d5uueh0tkeErC5wF6lPs
types.ts,e8BubqfczftgNbhsVe1NOAI1AkZ4sUcN7lJlm3xF9ic
urls.ts,OHM5Dk39HDq4kFTxtTGaJV_79-ABJFnCBTNsCavsQwY
util.ts,TQdmMa496ydTG45vpL3KbyK97-fucf-sVvYtJBSQv7s
styles.ts,VkcxYQXr_nTAzyIL5d0YGPFpU89M4G3W7zDk2Wl98fw
views\404\404.tsx,IHWfCWq9vFBYxm91OIXo4MfftQ48w41GRwZ2VtKWR2I
views\404\index.ts,lu8TSFQRNQUL84ZGzyZIZwFwmKLwFLbdoY0k_7tsGXc
views\404\styles.ts,PMD-YNOqKv4fNuOaCY4PsuAcZcwwAbL1J4198R66_A8
views\Account\AccountAll\AccountAll.tsx,4_G-BPW7qGfXpzUEpJ6rLSW4JnA9zknQI6Gvkbj60ME
views\Account\AccountAll\index.ts,uOKMQSENqBNZSnolrrt_Hk7m5vsLY0b4fFyAB8KvUIo
views\Account\AccountContributions\AccountContributions.tsx,KWngPtdQhRaPBUb69fkNmbHRMY8pVU_XaG_Rm7NkIo8
views\Account\AccountAll\styles.ts,4VB604GkaQERhIr-bFM_lcCku1WzQDF0wcZjGdgOKIE
views\Account\AccountContributions\ContributionsList\ContributionsList.tsx,TYH2ezuyioMbSfcamw6PfhdFRZWP7GZDBJnR78cop6I
views\Account\AccountContributions\ContributionsList\index.ts,fLuPLAcHz4E6ft-hVnhMWc3ka-trAGRGkIYWVm0d1es
views\Account\AccountContributions\ContributionsList\styles.ts,MmIjyAZWY9_ZBElJHB90H3Ea5JT74-wOxvnU_lCi99w
views\Account\AccountContributions\index.ts,VdHGFUG_fSm30YnTtg2eexjJRROMoYbcAxXNcFAu0Hg
views\Account\AccountContributions\styles.ts,RC1m9sW-Pt7kHIP8X34KzROOn7tEb9wblvnWEKXcQsQ
views\Account\AccountFavorites\AccountFavorites.tsx,YNKO2c44N_iOrkoQqkZesQ9d5PR1FvvTSeI-Rgo8YOY
views\Account\AccountFavorites\index.ts,ssyl8UdPzdE028P6ie-Yi4SOcC5LaLctOTg_snxLSaY
views\Account\AccountNew\AccountNew.tsx,Puxe3ca7aDcJh3cNHC7fwwBGZcJsA2ixmB2wCI_3THU
views\Account\AccountNew\index.ts,brUC8J9BvY4YqwhD61vFhHLYuvb_B6OEhsilBbxobEk
views\Account\AccountTabs\AccountTabs.tsx,jo67QudeImlLFfOU0Yo4_azMCDSLB18jsBr-RGxSGqM
views\Account\AccountTabs\styles.ts,iuIm9ghJYdLiM896Fere9CPfgKasY9RHlhM4HPV37a0
views\Account\AccountTabs\index.ts,1Z06gD1pw7Ws9P3iQNx7Qe_Gh6tnwvEXkF1uUWxJ47k
views\Collection\CollectionContribute\CollectionContribute.tsx,tMhLeIRMZvk6Stp6PLi4yEz2HhNzGonAQJxic8X4TEs
views\Collection\Collection.tsx,6Z_oX08ETJLKE5RSEhgrWYdneYpE2j_ZoTNBhZguhjg
views\Collection\CollectionContribute\index.ts,HW-TfUi1rTxNFFYIPo33NNT_r8OXlmSzrJrIKKUVo3c
views\Collection\CollectionContribute\styles.ts,bn29S3oWahzwuWWgiiTwvW_Tan11XUdnHEpqS32KFqI
views\Collection\CollectionContribute\types.ts,-LFAn3p1H8zMjEi_viJrXU2PfpucWESGofLjqfHtKSo
views\Collection\CollectionDetail\CollectionDetail.tsx,u3QS1H-p4Ew_X0FNj0UK2yUmjNja713KsBisCJxRkYA
views\Collection\CollectionDetail\index.ts,oqQcr7J9zbCpTpwKQ8H9VFLY0iELndrqBqlGes4ek1g
views\Collection\CollectionHeader\CollectionHeader.tsx,1W-trMRVtC4q-UFnWwbqsmina_kjgyvrMKWlIHBt0KY
views\Collection\CollectionHeader\index.ts,dTIaUNc-EEN3BYRjxBQpiRkKHBfRk2Lz_0Qo4_ytczA
views\Collection\CollectionHeader\styles.ts,JC-3WGIhR_Z8uKErCKz7gy9VLKMlrMEIfRiC6Y2D-6s
views\Collection\index.ts,cpim_jIoWQ7aRBnuvMdtJ8VLd39Y9PdPFzgDELWDhGo
views\Collection\CollectionHeader\types.ts,ck4gBh11z-2vR-N_sOEXdsT0t4N2nFQqP3CBsA7OOQ4
views\Collection\styles.ts,3P6IlmIw6ai26TeKIX45Gwb9K0zs0SdZxlOHBkjb7QQ
views\Landing\index.ts,ObIBo01D7IaKYwE9sgatf03RrQ-l6OSXhgjg6lWaZmc
views\Landing\LandingCollections\LandingCollections.tsx,n-318f3wKbWcQ3U7e3FGrpbe65ynGU-4GJUoDkYsNQw
views\Landing\LandingCollections\index.ts,lljlFS_83qr3ksQizG9IuCaEH-ZoSGCTeISOS7XpHvY
views\Landing\Landing.tsx,G4e5LWVUR8kRLrJgUUGSkNOoCkBtuKMLoBPR_pjGq8s
views\Landing\LandingCollections\styles.ts,YxqjrZkuEizX1oH_0-XCcm-GhPfSUkD82pheFT0qp_A
views\Landing\LandingFAQLink\index.ts,gQA6utLShaZEdHhPx09yh0QuM86DLoWLMcuqoiwZrYo
views\Landing\LandingFAQLink\LandingFAQLink.tsx,lbbhtcQY9h8Fn5VE_up6SDOZ_sMgrQrFUqg_baKDlM0
views\Landing\LandingFAQLink\styles.ts,PeWU-CVj3W0ClOSP4CU94uYNPVWURP3CuSpA4xtkRQ8
views\Landing\LandingHeader\index.ts,p98XsOatR4eL4LoQ-gSm8ciKAUnHp_ND-G1axwq1GIY
views\Landing\LandingHeader\LandingHeader.tsx,4VZYczlxW24o2WD9ago7rSyce847jl-J_gGKbHb9tyo
views\Landing\LandingHeader\styles.ts,WK2bLtL4DvXlNG6Pcs5ok7mh26-liW4APzndfeA2zcs
views\Landing\LandingInfo\index.ts,YIIPfVBaN0_Qv_ZEP3mob81gVqakGVXcZKWarlVM3Zg
views\Landing\LandingInfo\LandingInfo.tsx,I3E78IXznaF5IsbaD1IDa0ZHHugjhGdRkKOy5M4KIAM
views\Landing\LandingInfo\styles.ts,HmdD9zzBL5e0C9_ZF23AT41RJiulT6BLw5lxdCm3Ajk
views\Landing\LandingSteps\index.ts,774_uS4OTxV__RtJ_rAw5QgiyqIqyBeUqxnMgDZxWdA
views\Landing\LandingSteps\LandingSteps.tsx,iABX_gUZT7336CGs3VCeRyN65Md3fFc1sGDc49BKk58
wallet\WalletConnect\index.ts,f3sz8FmrnlJ42-CEQKi63tlZ3N1Yw0R_egOuRl41rTs
views\Landing\LandingSteps\styles.ts,0dnbCsDsWhovIKzVVLaNsx8rI__76ebNTA0Z9fzKJ60
views\Landing\styles.ts,FDtHfK-0ZdJaVbpq0JJ-qYqTPfvY4BQP7CqKm5yHngg
wallet\WalletConnect\styles.ts,1sR4eEdOHSvS-1PLBWndnHyE1_n3wc2P05pWt9KW9Y4
wallet\WalletConnect\WalletConnect.tsx,C4FfFY0A97xRbPBBrorFm-FHdbVp7cB3XSdWXsO4y78
window.ts,QZObXMcwHW2IdVaEcrTBKd16CyKl3RD9HMOnotFIaNQ
wrappers\View\index.ts,TpOtuTEudAHi-ej51bzB3dlk25u6yCyOqQAzz0NRbzk
wrappers\View\styles.ts,hKpag6jW9HK9EYzid0_M6iowPD4qOWx-aizZ1MgSgUM
wrappers\View\View.tsx,B3loYFs0gnnCs8uEgseX9D0pgPuGKO3dCwkYnV-ozec
